﻿<?xml version="1.0" encoding="utf-8"?><cfdi:Comprobante xmlns:cfdi="http://www.sat.gob.mx/cfd/3" xmlns:xsi="http://www.w3.org/2001/XMLSchema-instance" xsi:schemaLocation="http://www.sat.gob.mx/cfd/3 http://www.sat.gob.mx/sitio_internet/cfd/3/cfdv32.xsd http://www.sat.gob.mx/detallista http://www.sat.gob.mx/sitio_internet/cfd/detallista/detallista.xsd" xmlns:detallista="http://www.sat.gob.mx/detallista" version="3.2" serie="E" folio="15570" fecha="2013-11-05T09:30:24" formaDePago="PAGO EN UNA SOLA EXHIBICION" condicionesDePago="8 DIAS" subTotal="337350.00" descuento="0.00" TipoCambio="1.0000" Moneda="MXN" total="391326.00" tipoDeComprobante="ingreso" metodoDePago="No Identificado" LugarExpedicion="México D.F."><cfdi:Emisor rfc="AAA010101AAA" nombre="ABA S.A. DE C.V."><cfdi:DomicilioFiscal calle="BOLIVAR" noExterior="1019" noInterior="402" colonia="NIÑOS HEROES DE CHAPULTEPEC" municipio="BENITO JUAREZ" estado="MEXICO DF" pais="MEXICO" codigoPostal="03440" /><cfdi:RegimenFiscal Regimen="Régimen General de Ley Personas Morales" /></cfdi:Emisor><cfdi:Receptor rfc="DLI931201MI9" nombre="DISTRIBUIDORA LIVERPOOL SA DE CV"><cfdi:Domicilio calle="MARIO PANI" noExterior="200" colonia="SANTA FÉ" municipio="CUAJIMALPA DE MORELOS" estado="DF" pais="MÉXICO" codigoPostal="05109" /></cfdi:Receptor><cfdi:Conceptos><cfdi:Concepto cantidad="31.000000" unidad="PAQ" descripcion="LIVERPOOL NAVIDAD41X56+4FF ECO2013" valorUnitario="2145.00" importe="66495.00" /><cfdi:Concepto cantidad="100.000000" unidad="PAQ" descripcion="LIVERPOOL NAVIDAD 38X46+3FFECO2013" valorUnitario="2708.55" importe="270855.00" /></cfdi:Conceptos><cfdi:Impuestos totalImpuestosTrasladados="53976.00"><cfdi:Traslados><cfdi:Traslado impuesto="IVA" tasa="16.00" importe="53976.00" /></cfdi:Traslados></cfdi:Impuestos><cfdi:Complemento><detallista:detallista type="SimpleInvoiceType" contentVersion="1.3.1" documentStructureVersion="AMC8.1" documentStatus="ORIGINAL"><detallista:requestForPaymentIdentification><detallista:entityType>INVOICE</detallista:entityType></detallista:requestForPaymentIdentification><detallista:specialInstruction code="ZZZ"><detallista:text>CUATROCIENTOS VEINTISEIS MIL TRECIENTOS OCHENTA Y SEIS 99/100 M.N. ****</detallista:text></detallista:specialInstruction><detallista:orderIdentification><detallista:referenceIdentification type="ON">88039120</detallista:referenceIdentification><detallista:ReferenceDate>2013-10-07</detallista:ReferenceDate></detallista:orderIdentification><detallista:AdditionalInformation><detallista:referenceIdentification type="ATZ">1442905</detallista:referenceIdentification></detallista:AdditionalInformation><detallista:DeliveryNote><detallista:referenceIdentification>2002280336</detallista:referenceIdentification><detallista:ReferenceDate>2013-11-04</detallista:ReferenceDate></detallista:DeliveryNote><detallista:buyer><detallista:gln>7504000107903</detallista:gln><detallista:contactInformation><detallista:personOrDepartmentName><detallista:text>SUM</detallista:text></detallista:personOrDepartmentName></detallista:contactInformation></detallista:buyer><detallista:seller><detallista:gln>0000000015050</detallista:gln><detallista:alternatePartyIdentification type="SELLER_ASSIGNED_IDENTIFIER_FOR_A_PARTY">15050</detallista:alternatePartyIdentification></detallista:seller><detallista:allowanceCharge allowanceChargeType="ALLOWANCE_GLOBAL" settlementType="BILL_BACK"><detallista:specialServicesType>AJ</detallista:specialServicesType><detallista:monetaryAmountOrPercentage><detallista:rate base="INVOICE_VALUE"><detallista:percentage>2.50</detallista:percentage></detallista:rate></detallista:monetaryAmountOrPercentage></detallista:allowanceCharge><detallista:lineItem type="SimpleInvoiceLineltemType" number="1"><detallista:tradeItemIdentification><detallista:gtin>930219371</detallista:gtin></detallista:tradeItemIdentification><detallista:alternateTradeItemIdentification type="BUYER_ASSIGNED">930219371</detallista:alternateTradeItemIdentification><detallista:tradeItemDescriptionInformation><detallista:longText>LIVERPOOL NAVIDAD41X56+4FF ECO2013</detallista:longText></detallista:tradeItemDescriptionInformation><detallista:invoicedQuantity unitOfMeasure="PAQ">31.000000</detallista:invoicedQuantity><detallista:grossPrice><detallista:Amount>2200.00</detallista:Amount></detallista:grossPrice><detallista:netPrice><detallista:Amount>2200.00</detallista:Amount></detallista:netPrice><detallista:totalLineAmount><detallista:grossAmount><detallista:Amount>66495.00</detallista:Amount></detallista:grossAmount><detallista:netAmount><detallista:Amount>66495.00</detallista:Amount></detallista:netAmount></detallista:totalLineAmount></detallista:lineItem><detallista:lineItem type="SimpleInvoiceLineltemType" number="2"><detallista:tradeItemIdentification><detallista:gtin>930219380</detallista:gtin></detallista:tradeItemIdentification><detallista:alternateTradeItemIdentification type="BUYER_ASSIGNED">930219380</detallista:alternateTradeItemIdentification><detallista:tradeItemDescriptionInformation><detallista:longText>LIVERPOOL NAVIDAD 38X46+3FFECO2013</detallista:longText></detallista:tradeItemDescriptionInformation><detallista:invoicedQuantity unitOfMeasure="PAQ">100.000000</detallista:invoicedQuantity><detallista:grossPrice><detallista:Amount>2778.00</detallista:Amount></detallista:grossPrice><detallista:netPrice><detallista:Amount>2778.00</detallista:Amount></detallista:netPrice><detallista:totalLineAmount><detallista:grossAmount><detallista:Amount>270855.00</detallista:Amount></detallista:grossAmount><detallista:netAmount><detallista:Amount>270855.00</detallista:Amount></detallista:netAmount></detallista:totalLineAmount></detallista:lineItem><detallista:totalAmount><detallista:Amount>391326.00</detallista:Amount></detallista:totalAmount><detallista:TotalAllowanceCharge allowanceOrChargeType="ALLOWANCE"><detallista:specialServicesType>AJ</detallista:specialServicesType><detallista:Amount>8650.00</detallista:Amount></detallista:TotalAllowanceCharge></detallista:detallista></cfdi:Complemento></cfdi:Comprobante>
